lea_name,lea_type,nces_id,gadoe_id_if_known,county,official_website_if_known,in_districts_csv,districts_csv_name_match,priority_note,source_urls
Appling County Schools,county,1300060,601,Appling,,no,,,https://app3.doe.k12.ga.us/ows-bin/owa/main_pack_fcl099.entry_form|https://educationdata.urban.org/api/v1/school-districts/ccd/directory/|https://nces.ed.gov/ccd/|https://gadoe.org/policy/district-flexibility/|https://charter-system.org/purpose/|https://gosa.georgia.gov/document/publication/system-flexibility-updatepdf/download|https://www2.census.gov/geo/docs/reference/codes2020/schdist/st13_ga_schdist2020.txt
Atkinson County Schools,county,1300090,602,Atkinson,,no,,,https://app3.doe.k12.ga.us/ows-bin/owa/main_pack_fcl099.entry_form|https://educationdata.urban.org/api/v1/school-districts/ccd/directory/|https://nces.ed.gov/ccd/|https://gadoe.org/policy/district-flexibility/|https://charter-system.org/purpose/|https://gosa.georgia.gov/document/publication/system-flexibility-updatepdf/download|https://www2.census.gov/geo/docs/reference/codes2020/schdist/st13_ga_schdist2020.txt
Bacon County Schools,county,1300150,603,Bacon,,no,,,https://app3.doe.k12.ga.us/ows-bin/owa/main_pack_fcl099.entry_form|https://educationdata.urban.org/api/v1/school-districts/ccd/directory/|https://nces.ed.gov/ccd/|https://gadoe.org/policy/district-flexibility/|https://charter-system.org/purpose/|https://gosa.georgia.gov/document/publication/system-flexibility-updatepdf/download|https://www2.census.gov/geo/docs/reference/codes2020/schdist/st13_ga_schdist2020.txt
Baker County Schools,county,1300180,604,Baker,,no,,,https://app3.doe.k12.ga.us/ows-bin/owa/main_pack_fcl099.entry_form|https://educationdata.urban.org/api/v1/school-districts/ccd/directory/|https://nces.ed.gov/ccd/|https://gadoe.org/policy/district-flexibility/|https://charter-system.org/purpose/|https://gosa.georgia.gov/document/publication/system-flexibility-updatepdf/download|https://www2.census.gov/geo/docs/reference/codes2020/schdist/st13_ga_schdist2020.txt
Baldwin County Schools,charter_system,1300210,605,Baldwin,https://www.baldwincountyschoolsga.org/,no,,,https://app3.doe.k12.ga.us/ows-bin/owa/main_pack_fcl099.entry_form|https://educationdata.urban.org/api/v1/school-districts/ccd/directory/|https://nces.ed.gov/ccd/|https://gadoe.org/policy/district-flexibility/|https://charter-system.org/purpose/|https://gosa.georgia.gov/document/publication/system-flexibility-updatepdf/download|https://www2.census.gov/geo/docs/reference/codes2020/schdist/st13_ga_schdist2020.txt
Banks County Schools,charter_system,1300240,606,Banks,https://www.banks.k12.ga.us/,yes,Banks County Schools,already_in_districts_csv,https://app3.doe.k12.ga.us/ows-bin/owa/main_pack_fcl099.entry_form|https://educationdata.urban.org/api/v1/school-districts/ccd/directory/|https://nces.ed.gov/ccd/|https://gadoe.org/policy/district-flexibility/|https://charter-system.org/purpose/|https://gosa.georgia.gov/document/publication/system-flexibility-updatepdf/download|https://www2.census.gov/geo/docs/reference/codes2020/schdist/st13_ga_schdist2020.txt
Barrow County School System,charter_system,1300290,607,Barrow,https://www.barrow.k12.ga.us/,yes,Barrow County School System,already_in_districts_csv,https://app3.doe.k12.ga.us/ows-bin/owa/main_pack_fcl099.entry_form|https://educationdata.urban.org/api/v1/school-districts/ccd/directory/|https://nces.ed.gov/ccd/|https://gadoe.org/policy/district-flexibility/|https://charter-system.org/purpose/|https://gosa.georgia.gov/document/publication/system-flexibility-updatepdf/download|https://www2.census.gov/geo/docs/reference/codes2020/schdist/st13_ga_schdist2020.txt
Bartow County School System,county,1300330,608,Bartow,,yes,Bartow County School System,already_in_districts_csv,https://app3.doe.k12.ga.us/ows-bin/owa/main_pack_fcl099.entry_form|https://educationdata.urban.org/api/v1/school-districts/ccd/directory/|https://nces.ed.gov/ccd/|https://gadoe.org/policy/district-flexibility/|https://charter-system.org/purpose/|https://gosa.georgia.gov/document/publication/system-flexibility-updatepdf/download|https://www2.census.gov/geo/docs/reference/codes2020/schdist/st13_ga_schdist2020.txt
Ben Hill County Schools,charter_system,1300360,609,Ben Hill,https://www.ben-hill.k12.ga.us/,no,,,https://app3.doe.k12.ga.us/ows-bin/owa/main_pack_fcl099.entry_form|https://educationdata.urban.org/api/v1/school-districts/ccd/directory/|https://nces.ed.gov/ccd/|https://gadoe.org/policy/district-flexibility/|https://charter-system.org/purpose/|https://gosa.georgia.gov/document/publication/system-flexibility-updatepdf/download|https://www2.census.gov/geo/docs/reference/codes2020/schdist/st13_ga_schdist2020.txt
Berrien County Schools,county,1300390,610,Berrien,,no,,,https://app3.doe.k12.ga.us/ows-bin/owa/main_pack_fcl099.entry_form|https://educationdata.urban.org/api/v1/school-districts/ccd/directory/|https://nces.ed.gov/ccd/|https://gadoe.org/policy/district-flexibility/|https://charter-system.org/purpose/|https://gosa.georgia.gov/document/publication/system-flexibility-updatepdf/download|https://www2.census.gov/geo/docs/reference/codes2020/schdist/st13_ga_schdist2020.txt
Bibb County Schools,county,1300420,611,Bibb,,no,,,https://app3.doe.k12.ga.us/ows-bin/owa/main_pack_fcl099.entry_form|https://educationdata.urban.org/api/v1/school-districts/ccd/directory/|https://nces.ed.gov/ccd/|https://gadoe.org/policy/district-flexibility/|https://charter-system.org/purpose/|https://gosa.georgia.gov/document/publication/system-flexibility-updatepdf/download|https://www2.census.gov/geo/docs/reference/codes2020/schdist/st13_ga_schdist2020.txt
Bleckley County Schools,county,1300440,612,Bleckley,,no,,,https://app3.doe.k12.ga.us/ows-bin/owa/main_pack_fcl099.entry_form|https://educationdata.urban.org/api/v1/school-districts/ccd/directory/|https://nces.ed.gov/ccd/|https://gadoe.org/policy/district-flexibility/|https://charter-system.org/purpose/|https://gosa.georgia.gov/document/publication/system-flexibility-updatepdf/download|https://www2.census.gov/geo/docs/reference/codes2020/schdist/st13_ga_schdist2020.txt
Brantley County Schools,county,1300480,613,Brantley,,no,,,https://app3.doe.k12.ga.us/ows-bin/owa/main_pack_fcl099.entry_form|https://educationdata.urban.org/api/v1/school-districts/ccd/directory/|https://nces.ed.gov/ccd/|https://gadoe.org/policy/district-flexibility/|https://charter-system.org/purpose/|https://gosa.georgia.gov/document/publication/system-flexibility-updatepdf/download|https://www2.census.gov/geo/docs/reference/codes2020/schdist/st13_ga_schdist2020.txt
Brooks County Schools,county,1300540,614,Brooks,,no,,,https://app3.doe.k12.ga.us/ows-bin/owa/main_pack_fcl099.entry_form|https://educationdata.urban.org/api/v1/school-districts/ccd/directory/|https://nces.ed.gov/ccd/|https://gadoe.org/policy/district-flexibility/|https://charter-system.org/purpose/|https://gosa.georgia.gov/document/publication/system-flexibility-updatepdf/download|https://www2.census.gov/geo/docs/reference/codes2020/schdist/st13_ga_schdist2020.txt
Bryan County Schools,county,1300570,615,Bryan,,no,,,https://app3.doe.k12.ga.us/ows-bin/owa/main_pack_fcl099.entry_form|https://educationdata.urban.org/api/v1/school-districts/ccd/directory/|https://nces.ed.gov/ccd/|https://gadoe.org/policy/district-flexibility/|https://charter-system.org/purpose/|https://gosa.georgia.gov/document/publication/system-flexibility-updatepdf/download|https://www2.census.gov/geo/docs/reference/codes2020/schdist/st13_ga_schdist2020.txt
Bulloch County Schools,county,1300630,616,Bulloch,,no,,,https://app3.doe.k12.ga.us/ows-bin/owa/main_pack_fcl099.entry_form|https://educationdata.urban.org/api/v1/school-districts/ccd/directory/|https://nces.ed.gov/ccd/|https://gadoe.org/policy/district-flexibility/|https://charter-system.org/purpose/|https://gosa.georgia.gov/document/publication/system-flexibility-updatepdf/download|https://www2.census.gov/geo/docs/reference/codes2020/schdist/st13_ga_schdist2020.txt
Burke County Schools,county,1300660,617,Burke,,no,,,https://app3.doe.k12.ga.us/ows-bin/owa/main_pack_fcl099.entry_form|https://educationdata.urban.org/api/v1/school-districts/ccd/directory/|https://nces.ed.gov/ccd/|https://gadoe.org/policy/district-flexibility/|https://charter-system.org/purpose/|https://gosa.georgia.gov/document/publication/system-flexibility-updatepdf/download|https://www2.census.gov/geo/docs/reference/codes2020/schdist/st13_ga_schdist2020.txt
Butts County School System,county,1300690,618,Butts,,yes,Butts County School System,already_in_districts_csv,https://app3.doe.k12.ga.us/ows-bin/owa/main_pack_fcl099.entry_form|https://educationdata.urban.org/api/v1/school-districts/ccd/directory/|https://nces.ed.gov/ccd/|https://gadoe.org/policy/district-flexibility/|https://charter-system.org/purpose/|https://gosa.georgia.gov/document/publication/system-flexibility-updatepdf/download|https://www2.census.gov/geo/docs/reference/codes2020/schdist/st13_ga_schdist2020.txt
Calhoun County Schools,county,1300750,619,Calhoun,,no,,,https://app3.doe.k12.ga.us/ows-bin/owa/main_pack_fcl099.entry_form|https://educationdata.urban.org/api/v1/school-districts/ccd/directory/|https://nces.ed.gov/ccd/|https://gadoe.org/policy/district-flexibility/|https://charter-system.org/purpose/|https://gosa.georgia.gov/document/publication/system-flexibility-updatepdf/download|https://www2.census.gov/geo/docs/reference/codes2020/schdist/st13_ga_schdist2020.txt
Camden County Schools,county,1300780,620,Camden,,no,,,https://app3.doe.k12.ga.us/ows-bin/owa/main_pack_fcl099.entry_form|https://educationdata.urban.org/api/v1/school-districts/ccd/directory/|https://nces.ed.gov/ccd/|https://gadoe.org/policy/district-flexibility/|https://charter-system.org/purpose/|https://gosa.georgia.gov/document/publication/system-flexibility-updatepdf/download|https://www2.census.gov/geo/docs/reference/codes2020/schdist/st13_ga_schdist2020.txt
Candler County Schools,charter_system,1300810,621,Candler,http://www.metter.org/,no,,,https://app3.doe.k12.ga.us/ows-bin/owa/main_pack_fcl099.entry_form|https://educationdata.urban.org/api/v1/school-districts/ccd/directory/|https://nces.ed.gov/ccd/|https://gadoe.org/policy/district-flexibility/|https://charter-system.org/purpose/|https://gosa.georgia.gov/document/publication/system-flexibility-updatepdf/download|https://www2.census.gov/geo/docs/reference/codes2020/schdist/st13_ga_schdist2020.txt
Carroll County Schools,county,1300840,622,Carroll,,yes,Carroll County Schools,already_in_districts_csv,https://app3.doe.k12.ga.us/ows-bin/owa/main_pack_fcl099.entry_form|https://educationdata.urban.org/api/v1/school-districts/ccd/directory/|https://nces.ed.gov/ccd/|https://gadoe.org/policy/district-flexibility/|https://charter-system.org/purpose/|https://gosa.georgia.gov/document/publication/system-flexibility-updatepdf/download|https://www2.census.gov/geo/docs/reference/codes2020/schdist/st13_ga_schdist2020.txt
Catoosa County Schools,charter_system,1300930,623,Catoosa,http://www.catoosa.k12.ga.us/,no,,,https://app3.doe.k12.ga.us/ows-bin/owa/main_pack_fcl099.entry_form|https://educationdata.urban.org/api/v1/school-districts/ccd/directory/|https://nces.ed.gov/ccd/|https://gadoe.org/policy/district-flexibility/|https://charter-system.org/purpose/|https://gosa.georgia.gov/document/publication/system-flexibility-updatepdf/download|https://www2.census.gov/geo/docs/reference/codes2020/schdist/st13_ga_schdist2020.txt
Charlton County Schools,county,1300990,624,Charlton,,no,,,https://app3.doe.k12.ga.us/ows-bin/owa/main_pack_fcl099.entry_form|https://educationdata.urban.org/api/v1/school-districts/ccd/directory/|https://nces.ed.gov/ccd/|https://gadoe.org/policy/district-flexibility/|https://charter-system.org/purpose/|https://gosa.georgia.gov/document/publication/system-flexibility-updatepdf/download|https://www2.census.gov/geo/docs/reference/codes2020/schdist/st13_ga_schdist2020.txt
Savannah-Chatham County Public School System,county,1301020,625,Chatham,,no,,,https://app3.doe.k12.ga.us/ows-bin/owa/main_pack_fcl099.entry_form|https://educationdata.urban.org/api/v1/school-districts/ccd/directory/|https://nces.ed.gov/ccd/|https://gadoe.org/policy/district-flexibility/|https://charter-system.org/purpose/|https://gosa.georgia.gov/document/publication/system-flexibility-updatepdf/download|https://www2.census.gov/geo/docs/reference/codes2020/schdist/st13_ga_schdist2020.txt
Chattahoochee County Schools,charter_system,1301050,626,Chattahoochee,https://www.chattahoochee.k12.ga.us/,no,,,https://app3.doe.k12.ga.us/ows-bin/owa/main_pack_fcl099.entry_form|https://educationdata.urban.org/api/v1/school-districts/ccd/directory/|https://nces.ed.gov/ccd/|https://gadoe.org/policy/district-flexibility/|https://charter-system.org/purpose/|https://gosa.georgia.gov/document/publication/system-flexibility-updatepdf/download|https://www2.census.gov/geo/docs/reference/codes2020/schdist/st13_ga_schdist2020.txt
Chattooga County Schools,county,1301080,627,Chattooga,,no,,,https://app3.doe.k12.ga.us/ows-bin/owa/main_pack_fcl099.entry_form|https://educationdata.urban.org/api/v1/school-districts/ccd/directory/|https://nces.ed.gov/ccd/|https://gadoe.org/policy/district-flexibility/|https://charter-system.org/purpose/|https://gosa.georgia.gov/document/publication/system-flexibility-updatepdf/download|https://www2.census.gov/geo/docs/reference/codes2020/schdist/st13_ga_schdist2020.txt
Cherokee County School District,county,1301110,628,Cherokee,https://www.cherokeek12.net/,yes,Cherokee County School District,already_in_districts_csv,https://app3.doe.k12.ga.us/ows-bin/owa/main_pack_fcl099.entry_form|https://educationdata.urban.org/api/v1/school-districts/ccd/directory/|https://nces.ed.gov/ccd/|https://gadoe.org/policy/district-flexibility/|https://charter-system.org/purpose/|https://gosa.georgia.gov/document/publication/system-flexibility-updatepdf/download|https://www2.census.gov/geo/docs/reference/codes2020/schdist/st13_ga_schdist2020.txt
Clarke County Schools,charter_system,1301170,629,Clarke,http://www.clarke.k12.ga.us/,no,,,https://app3.doe.k12.ga.us/ows-bin/owa/main_pack_fcl099.entry_form|https://educationdata.urban.org/api/v1/school-districts/ccd/directory/|https://nces.ed.gov/ccd/|https://gadoe.org/policy/district-flexibility/|https://charter-system.org/purpose/|https://gosa.georgia.gov/document/publication/system-flexibility-updatepdf/download|https://www2.census.gov/geo/docs/reference/codes2020/schdist/st13_ga_schdist2020.txt
Clay County Schools,county,1301200,630,Clay,,no,,,https://app3.doe.k12.ga.us/ows-bin/owa/main_pack_fcl099.entry_form|https://educationdata.urban.org/api/v1/school-districts/ccd/directory/|https://nces.ed.gov/ccd/|https://gadoe.org/policy/district-flexibility/|https://charter-system.org/purpose/|https://gosa.georgia.gov/document/publication/system-flexibility-updatepdf/download|https://www2.census.gov/geo/docs/reference/codes2020/schdist/st13_ga_schdist2020.txt
Clayton County Public Schools,county,1301230,631,Clayton,,yes,Clayton County Public Schools,already_in_districts_csv,https://app3.doe.k12.ga.us/ows-bin/owa/main_pack_fcl099.entry_form|https://educationdata.urban.org/api/v1/school-districts/ccd/directory/|https://nces.ed.gov/ccd/|https://gadoe.org/policy/district-flexibility/|https://charter-system.org/purpose/|https://gosa.georgia.gov/document/publication/system-flexibility-updatepdf/download|https://www2.census.gov/geo/docs/reference/codes2020/schdist/st13_ga_schdist2020.txt
Clinch County Schools,county,1301260,632,Clinch,,no,,,https://app3.doe.k12.ga.us/ows-bin/owa/main_pack_fcl099.entry_form|https://educationdata.urban.org/api/v1/school-districts/ccd/directory/|https://nces.ed.gov/ccd/|https://gadoe.org/policy/district-flexibility/|https://charter-system.org/purpose/|https://gosa.georgia.gov/document/publication/system-flexibility-updatepdf/download|https://www2.census.gov/geo/docs/reference/codes2020/schdist/st13_ga_schdist2020.txt
Cobb County School District,county,1301290,633,Cobb,https://www.cobbk12.org/,yes,Cobb County School District,already_in_districts_csv,https://app3.doe.k12.ga.us/ows-bin/owa/main_pack_fcl099.entry_form|https://educationdata.urban.org/api/v1/school-districts/ccd/directory/|https://nces.ed.gov/ccd/|https://gadoe.org/policy/district-flexibility/|https://charter-system.org/purpose/|https://gosa.georgia.gov/document/publication/system-flexibility-updatepdf/download|https://www2.census.gov/geo/docs/reference/codes2020/schdist/st13_ga_schdist2020.txt
Coffee County Schools,charter_system,1301350,634,Coffee,http://www.coffee.k12.ga.us/,no,,,https://app3.doe.k12.ga.us/ows-bin/owa/main_pack_fcl099.entry_form|https://educationdata.urban.org/api/v1/school-districts/ccd/directory/|https://nces.ed.gov/ccd/|https://gadoe.org/policy/district-flexibility/|https://charter-system.org/purpose/|https://gosa.georgia.gov/document/publication/system-flexibility-updatepdf/download|https://www2.census.gov/geo/docs/reference/codes2020/schdist/st13_ga_schdist2020.txt
Colquitt County Schools,charter_system,1301380,635,Colquitt,http://www.colquitt.k12.ga.us/,no,,,https://app3.doe.k12.ga.us/ows-bin/owa/main_pack_fcl099.entry_form|https://educationdata.urban.org/api/v1/school-districts/ccd/directory/|https://nces.ed.gov/ccd/|https://gadoe.org/policy/district-flexibility/|https://charter-system.org/purpose/|https://gosa.georgia.gov/document/publication/system-flexibility-updatepdf/download|https://www2.census.gov/geo/docs/reference/codes2020/schdist/st13_ga_schdist2020.txt
Columbia County Schools,county,1301410,636,Columbia,,yes,Columbia County School District,,https://app3.doe.k12.ga.us/ows-bin/owa/main_pack_fcl099.entry_form|https://educationdata.urban.org/api/v1/school-districts/ccd/directory/|https://nces.ed.gov/ccd/|https://gadoe.org/policy/district-flexibility/|https://charter-system.org/purpose/|https://gosa.georgia.gov/document/publication/system-flexibility-updatepdf/download|https://www2.census.gov/geo/docs/reference/codes2020/schdist/st13_ga_schdist2020.txt
Cook County Schools,county,1301470,637,Cook,,no,,,https://app3.doe.k12.ga.us/ows-bin/owa/main_pack_fcl099.entry_form|https://educationdata.urban.org/api/v1/school-districts/ccd/directory/|https://nces.ed.gov/ccd/|https://gadoe.org/policy/district-flexibility/|https://charter-system.org/purpose/|https://gosa.georgia.gov/document/publication/system-flexibility-updatepdf/download|https://www2.census.gov/geo/docs/reference/codes2020/schdist/st13_ga_schdist2020.txt
Coweta County School System,county,1301500,638,Coweta,,yes,Coweta County School System,already_in_districts_csv,https://app3.doe.k12.ga.us/ows-bin/owa/main_pack_fcl099.entry_form|https://educationdata.urban.org/api/v1/school-districts/ccd/directory/|https://nces.ed.gov/ccd/|https://gadoe.org/policy/district-flexibility/|https://charter-system.org/purpose/|https://gosa.georgia.gov/document/publication/system-flexibility-updatepdf/download|https://www2.census.gov/geo/docs/reference/codes2020/schdist/st13_ga_schdist2020.txt
Crawford County Schools,county,1301530,639,Crawford,,no,,,https://app3.doe.k12.ga.us/ows-bin/owa/main_pack_fcl099.entry_form|https://educationdata.urban.org/api/v1/school-districts/ccd/directory/|https://nces.ed.gov/ccd/|https://gadoe.org/policy/district-flexibility/|https://charter-system.org/purpose/|https://gosa.georgia.gov/document/publication/system-flexibility-updatepdf/download|https://www2.census.gov/geo/docs/reference/codes2020/schdist/st13_ga_schdist2020.txt
Crisp County Schools,county,1301560,640,Crisp,,no,,,https://app3.doe.k12.ga.us/ows-bin/owa/main_pack_fcl099.entry_form|https://educationdata.urban.org/api/v1/school-districts/ccd/directory/|https://nces.ed.gov/ccd/|https://gadoe.org/policy/district-flexibility/|https://charter-system.org/purpose/|https://gosa.georgia.gov/document/publication/system-flexibility-updatepdf/download|https://www2.census.gov/geo/docs/reference/codes2020/schdist/st13_ga_schdist2020.txt
Dade County Schools,county,1301590,641,Dade,,no,,,https://app3.doe.k12.ga.us/ows-bin/owa/main_pack_fcl099.entry_form|https://educationdata.urban.org/api/v1/school-districts/ccd/directory/|https://nces.ed.gov/ccd/|https://gadoe.org/policy/district-flexibility/|https://charter-system.org/purpose/|https://gosa.georgia.gov/document/publication/system-flexibility-updatepdf/download|https://www2.census.gov/geo/docs/reference/codes2020/schdist/st13_ga_schdist2020.txt
Dawson County School System,charter_system,1301650,642,Dawson,http://www.dawsoncountyschools.org/,yes,Dawson County School System,already_in_districts_csv,https://app3.doe.k12.ga.us/ows-bin/owa/main_pack_fcl099.entry_form|https://educationdata.urban.org/api/v1/school-districts/ccd/directory/|https://nces.ed.gov/ccd/|https://gadoe.org/policy/district-flexibility/|https://charter-system.org/purpose/|https://gosa.georgia.gov/document/publication/system-flexibility-updatepdf/download|https://www2.census.gov/geo/docs/reference/codes2020/schdist/st13_ga_schdist2020.txt
Decatur County Schools,county,1301710,643,Decatur,,no,,,https://app3.doe.k12.ga.us/ows-bin/owa/main_pack_fcl099.entry_form|https://educationdata.urban.org/api/v1/school-districts/ccd/directory/|https://nces.ed.gov/ccd/|https://gadoe.org/policy/district-flexibility/|https://charter-system.org/purpose/|https://gosa.georgia.gov/document/publication/system-flexibility-updatepdf/download|https://www2.census.gov/geo/docs/reference/codes2020/schdist/st13_ga_schdist2020.txt
DeKalb County School District,county,1301740,644,DeKalb,https://www.dekalbschoolsga.org/,yes,DeKalb County School District,already_in_districts_csv,https://app3.doe.k12.ga.us/ows-bin/owa/main_pack_fcl099.entry_form|https://educationdata.urban.org/api/v1/school-districts/ccd/directory/|https://nces.ed.gov/ccd/|https://gadoe.org/policy/district-flexibility/|https://charter-system.org/purpose/|https://gosa.georgia.gov/document/publication/system-flexibility-updatepdf/download|https://www2.census.gov/geo/docs/reference/codes2020/schdist/st13_ga_schdist2020.txt
Dodge County Schools,county,1301770,645,Dodge,,no,,,https://app3.doe.k12.ga.us/ows-bin/owa/main_pack_fcl099.entry_form|https://educationdata.urban.org/api/v1/school-districts/ccd/directory/|https://nces.ed.gov/ccd/|https://gadoe.org/policy/district-flexibility/|https://charter-system.org/purpose/|https://gosa.georgia.gov/document/publication/system-flexibility-updatepdf/download|https://www2.census.gov/geo/docs/reference/codes2020/schdist/st13_ga_schdist2020.txt
Dooly County Schools,county,1301800,646,Dooly,,no,,,https://app3.doe.k12.ga.us/ows-bin/owa/main_pack_fcl099.entry_form|https://educationdata.urban.org/api/v1/school-districts/ccd/directory/|https://nces.ed.gov/ccd/|https://gadoe.org/policy/district-flexibility/|https://charter-system.org/purpose/|https://gosa.georgia.gov/document/publication/system-flexibility-updatepdf/download|https://www2.census.gov/geo/docs/reference/codes2020/schdist/st13_ga_schdist2020.txt
Dougherty County Schools,charter_system,1301830,647,Dougherty,https://www.docoschools.org/,no,,,https://app3.doe.k12.ga.us/ows-bin/owa/main_pack_fcl099.entry_form|https://educationdata.urban.org/api/v1/school-districts/ccd/directory/|https://nces.ed.gov/ccd/|https://gadoe.org/policy/district-flexibility/|https://charter-system.org/purpose/|https://gosa.georgia.gov/document/publication/system-flexibility-updatepdf/download|https://www2.census.gov/geo/docs/reference/codes2020/schdist/st13_ga_schdist2020.txt
Douglas County School System,county,1301860,648,Douglas,,yes,Douglas County School System,already_in_districts_csv,https://app3.doe.k12.ga.us/ows-bin/owa/main_pack_fcl099.entry_form|https://educationdata.urban.org/api/v1/school-districts/ccd/directory/|https://nces.ed.gov/ccd/|https://gadoe.org/policy/district-flexibility/|https://charter-system.org/purpose/|https://gosa.georgia.gov/document/publication/system-flexibility-updatepdf/download|https://www2.census.gov/geo/docs/reference/codes2020/schdist/st13_ga_schdist2020.txt
Early County Schools,county,1301920,649,Early,,no,,,https://app3.doe.k12.ga.us/ows-bin/owa/main_pack_fcl099.entry_form|https://educationdata.urban.org/api/v1/school-districts/ccd/directory/|https://nces.ed.gov/ccd/|https://gadoe.org/policy/district-flexibility/|https://charter-system.org/purpose/|https://gosa.georgia.gov/document/publication/system-flexibility-updatepdf/download|https://www2.census.gov/geo/docs/reference/codes2020/schdist/st13_ga_schdist2020.txt
Echols County Schools,county,1301950,650,Echols,,no,,,https://app3.doe.k12.ga.us/ows-bin/owa/main_pack_fcl099.entry_form|https://educationdata.urban.org/api/v1/school-districts/ccd/directory/|https://nces.ed.gov/ccd/|https://gadoe.org/policy/district-flexibility/|https://charter-system.org/purpose/|https://gosa.georgia.gov/document/publication/system-flexibility-updatepdf/download|https://www2.census.gov/geo/docs/reference/codes2020/schdist/st13_ga_schdist2020.txt
Effingham County Schools,county,1301980,651,Effingham,,no,,,https://app3.doe.k12.ga.us/ows-bin/owa/main_pack_fcl099.entry_form|https://educationdata.urban.org/api/v1/school-districts/ccd/directory/|https://nces.ed.gov/ccd/|https://gadoe.org/policy/district-flexibility/|https://charter-system.org/purpose/|https://gosa.georgia.gov/document/publication/system-flexibility-updatepdf/download|https://www2.census.gov/geo/docs/reference/codes2020/schdist/st13_ga_schdist2020.txt
Elbert County Schools,county,1302010,652,Elbert,,yes,Elbert County School District,,https://app3.doe.k12.ga.us/ows-bin/owa/main_pack_fcl099.entry_form|https://educationdata.urban.org/api/v1/school-districts/ccd/directory/|https://nces.ed.gov/ccd/|https://gadoe.org/policy/district-flexibility/|https://charter-system.org/purpose/|https://gosa.georgia.gov/document/publication/system-flexibility-updatepdf/download|https://www2.census.gov/geo/docs/reference/codes2020/schdist/st13_ga_schdist2020.txt
Emanuel County Schools,county,1302040,653,Emanuel,,no,,,https://app3.doe.k12.ga.us/ows-bin/owa/main_pack_fcl099.entry_form|https://educationdata.urban.org/api/v1/school-districts/ccd/directory/|https://nces.ed.gov/ccd/|https://gadoe.org/policy/district-flexibility/|https://charter-system.org/purpose/|https://gosa.georgia.gov/document/publication/system-flexibility-updatepdf/download|https://www2.census.gov/geo/docs/reference/codes2020/schdist/st13_ga_schdist2020.txt
Evans County Schools,charter_system,1302070,654,Evans,,no,,,https://app3.doe.k12.ga.us/ows-bin/owa/main_pack_fcl099.entry_form|https://educationdata.urban.org/api/v1/school-districts/ccd/directory/|https://nces.ed.gov/ccd/|https://gadoe.org/policy/district-flexibility/|https://charter-system.org/purpose/|https://gosa.georgia.gov/document/publication/system-flexibility-updatepdf/download|https://www2.census.gov/geo/docs/reference/codes2020/schdist/st13_ga_schdist2020.txt
Fannin County Schools,charter_system,1302100,655,Fannin,http://www.fannin.k12.ga.us/,yes,Fannin County Schools,already_in_districts_csv,https://app3.doe.k12.ga.us/ows-bin/owa/main_pack_fcl099.entry_form|https://educationdata.urban.org/api/v1/school-districts/ccd/directory/|https://nces.ed.gov/ccd/|https://gadoe.org/policy/district-flexibility/|https://charter-system.org/purpose/|https://gosa.georgia.gov/document/publication/system-flexibility-updatepdf/download|https://www2.census.gov/geo/docs/reference/codes2020/schdist/st13_ga_schdist2020.txt
Fayette County Public Schools,county,1302130,656,Fayette,,yes,Fayette County Public Schools,already_in_districts_csv,https://app3.doe.k12.ga.us/ows-bin/owa/main_pack_fcl099.entry_form|https://educationdata.urban.org/api/v1/school-districts/ccd/directory/|https://nces.ed.gov/ccd/|https://gadoe.org/policy/district-flexibility/|https://charter-system.org/purpose/|https://gosa.georgia.gov/document/publication/system-flexibility-updatepdf/download|https://www2.census.gov/geo/docs/reference/codes2020/schdist/st13_ga_schdist2020.txt
Floyd County Schools,charter_system,1302190,657,Floyd,http://www.floydboe.net/,no,,,https://app3.doe.k12.ga.us/ows-bin/owa/main_pack_fcl099.entry_form|https://educationdata.urban.org/api/v1/school-districts/ccd/directory/|https://nces.ed.gov/ccd/|https://gadoe.org/policy/district-flexibility/|https://charter-system.org/purpose/|https://gosa.georgia.gov/document/publication/system-flexibility-updatepdf/download|https://www2.census.gov/geo/docs/reference/codes2020/schdist/st13_ga_schdist2020.txt
Forsyth County Schools,county,1302220,658,Forsyth,,yes,Forsyth County Schools,already_in_districts_csv,https://app3.doe.k12.ga.us/ows-bin/owa/main_pack_fcl099.entry_form|https://educationdata.urban.org/api/v1/school-districts/ccd/directory/|https://nces.ed.gov/ccd/|https://gadoe.org/policy/district-flexibility/|https://charter-system.org/purpose/|https://gosa.georgia.gov/document/publication/system-flexibility-updatepdf/download|https://www2.census.gov/geo/docs/reference/codes2020/schdist/st13_ga_schdist2020.txt
Franklin County School System,charter_system,1302250,659,Franklin,https://www.franklin.k12.ga.us/,yes,Franklin County School System,already_in_districts_csv,https://app3.doe.k12.ga.us/ows-bin/owa/main_pack_fcl099.entry_form|https://educationdata.urban.org/api/v1/school-districts/ccd/directory/|https://nces.ed.gov/ccd/|https://gadoe.org/policy/district-flexibility/|https://charter-system.org/purpose/|https://gosa.georgia.gov/document/publication/system-flexibility-updatepdf/download|https://www2.census.gov/geo/docs/reference/codes2020/schdist/st13_ga_schdist2020.txt
Fulton County Schools,charter_system,1302280,660,Fulton,https://www.fultonschools.org/,yes,Fulton County Schools,already_in_districts_csv,https://app3.doe.k12.ga.us/ows-bin/owa/main_pack_fcl099.entry_form|https://educationdata.urban.org/api/v1/school-districts/ccd/directory/|https://nces.ed.gov/ccd/|https://gadoe.org/policy/district-flexibility/|https://charter-system.org/purpose/|https://gosa.georgia.gov/document/publication/system-flexibility-updatepdf/download|https://www2.census.gov/geo/docs/reference/codes2020/schdist/st13_ga_schdist2020.txt
Gilmer County Schools,charter_system,1302340,661,Gilmer,http://www.gilmerschools.com/,yes,Gilmer County Schools,already_in_districts_csv,https://app3.doe.k12.ga.us/ows-bin/owa/main_pack_fcl099.entry_form|https://educationdata.urban.org/api/v1/school-districts/ccd/directory/|https://nces.ed.gov/ccd/|https://gadoe.org/policy/district-flexibility/|https://charter-system.org/purpose/|https://gosa.georgia.gov/document/publication/system-flexibility-updatepdf/download|https://www2.census.gov/geo/docs/reference/codes2020/schdist/st13_ga_schdist2020.txt
Glascock County Schools,charter_system,1302370,662,Glascock,,no,,,https://app3.doe.k12.ga.us/ows-bin/owa/main_pack_fcl099.entry_form|https://educationdata.urban.org/api/v1/school-districts/ccd/directory/|https://nces.ed.gov/ccd/|https://gadoe.org/policy/district-flexibility/|https://charter-system.org/purpose/|https://gosa.georgia.gov/document/publication/system-flexibility-updatepdf/download|https://www2.census.gov/geo/docs/reference/codes2020/schdist/st13_ga_schdist2020.txt
Glynn County Schools,county,1302400,663,Glynn,,no,,,https://app3.doe.k12.ga.us/ows-bin/owa/main_pack_fcl099.entry_form|https://educationdata.urban.org/api/v1/school-districts/ccd/directory/|https://nces.ed.gov/ccd/|https://gadoe.org/policy/district-flexibility/|https://charter-system.org/purpose/|https://gosa.georgia.gov/document/publication/system-flexibility-updatepdf/download|https://www2.census.gov/geo/docs/reference/codes2020/schdist/st13_ga_schdist2020.txt
Gordon County Schools,charter_system,1302430,664,Gordon,http://www.gcbe.org/,no,,,https://app3.doe.k12.ga.us/ows-bin/owa/main_pack_fcl099.entry_form|https://educationdata.urban.org/api/v1/school-districts/ccd/directory/|https://nces.ed.gov/ccd/|https://gadoe.org/policy/district-flexibility/|https://charter-system.org/purpose/|https://gosa.georgia.gov/document/publication/system-flexibility-updatepdf/download|https://www2.census.gov/geo/docs/reference/codes2020/schdist/st13_ga_schdist2020.txt
Grady County Schools,county,1302460,665,Grady,,no,,,https://app3.doe.k12.ga.us/ows-bin/owa/main_pack_fcl099.entry_form|https://educationdata.urban.org/api/v1/school-districts/ccd/directory/|https://nces.ed.gov/ccd/|https://gadoe.org/policy/district-flexibility/|https://charter-system.org/purpose/|https://gosa.georgia.gov/document/publication/system-flexibility-updatepdf/download|https://www2.census.gov/geo/docs/reference/codes2020/schdist/st13_ga_schdist2020.txt
Greene County Schools,county,1302490,666,Greene,,no,,,https://app3.doe.k12.ga.us/ows-bin/owa/main_pack_fcl099.entry_form|https://educationdata.urban.org/api/v1/school-districts/ccd/directory/|https://nces.ed.gov/ccd/|https://gadoe.org/policy/district-flexibility/|https://charter-system.org/purpose/|https://gosa.georgia.gov/document/publication/system-flexibility-updatepdf/download|https://www2.census.gov/geo/docs/reference/codes2020/schdist/st13_ga_schdist2020.txt
Gwinnett County Public Schools,county,1302550,667,Gwinnett,https://www.gcpsk12.org/,yes,Gwinnett County Public Schools,already_in_districts_csv,https://app3.doe.k12.ga.us/ows-bin/owa/main_pack_fcl099.entry_form|https://educationdata.urban.org/api/v1/school-districts/ccd/directory/|https://nces.ed.gov/ccd/|https://gadoe.org/policy/district-flexibility/|https://charter-system.org/purpose/|https://gosa.georgia.gov/document/publication/system-flexibility-updatepdf/download|https://www2.census.gov/geo/docs/reference/codes2020/schdist/st13_ga_schdist2020.txt
Habersham County Schools,county,1302580,668,Habersham,,yes,Habersham County Schools,already_in_districts_csv,https://app3.doe.k12.ga.us/ows-bin/owa/main_pack_fcl099.entry_form|https://educationdata.urban.org/api/v1/school-districts/ccd/directory/|https://nces.ed.gov/ccd/|https://gadoe.org/policy/district-flexibility/|https://charter-system.org/purpose/|https://gosa.georgia.gov/document/publication/system-flexibility-updatepdf/download|https://www2.census.gov/geo/docs/reference/codes2020/schdist/st13_ga_schdist2020.txt
Hall County Schools,county,1302610,669,Hall,,no,,,https://app3.doe.k12.ga.us/ows-bin/owa/main_pack_fcl099.entry_form|https://educationdata.urban.org/api/v1/school-districts/ccd/directory/|https://nces.ed.gov/ccd/|https://gadoe.org/policy/district-flexibility/|https://charter-system.org/purpose/|https://gosa.georgia.gov/document/publication/system-flexibility-updatepdf/download|https://www2.census.gov/geo/docs/reference/codes2020/schdist/st13_ga_schdist2020.txt
Hancock County Schools,county,1302640,670,Hancock,,no,,,https://app3.doe.k12.ga.us/ows-bin/owa/main_pack_fcl099.entry_form|https://educationdata.urban.org/api/v1/school-districts/ccd/directory/|https://nces.ed.gov/ccd/|https://gadoe.org/policy/district-flexibility/|https://charter-system.org/purpose/|https://gosa.georgia.gov/document/publication/system-flexibility-updatepdf/download|https://www2.census.gov/geo/docs/reference/codes2020/schdist/st13_ga_schdist2020.txt
Haralson County Schools,charter_system,1302670,671,Haralson,https://www.haralson.k12.ga.us/,yes,Haralson County Schools,already_in_districts_csv,https://app3.doe.k12.ga.us/ows-bin/owa/main_pack_fcl099.entry_form|https://educationdata.urban.org/api/v1/school-districts/ccd/directory/|https://nces.ed.gov/ccd/|https://gadoe.org/policy/district-flexibility/|https://charter-system.org/purpose/|https://gosa.georgia.gov/document/publication/system-flexibility-updatepdf/download|https://www2.census.gov/geo/docs/reference/codes2020/schdist/st13_ga_schdist2020.txt
Harris County Schools,county,1302700,672,Harris,,no,,,https://app3.doe.k12.ga.us/ows-bin/owa/main_pack_fcl099.entry_form|https://educationdata.urban.org/api/v1/school-districts/ccd/directory/|https://nces.ed.gov/ccd/|https://gadoe.org/policy/district-flexibility/|https://charter-system.org/purpose/|https://gosa.georgia.gov/document/publication/system-flexibility-updatepdf/download|https://www2.census.gov/geo/docs/reference/codes2020/schdist/st13_ga_schdist2020.txt
Hart County Schools,charter_system,1302730,673,Hart,https://www.hart.k12.ga.us/,yes,Hart County Charter System,,https://app3.doe.k12.ga.us/ows-bin/owa/main_pack_fcl099.entry_form|https://educationdata.urban.org/api/v1/school-districts/ccd/directory/|https://nces.ed.gov/ccd/|https://gadoe.org/policy/district-flexibility/|https://charter-system.org/purpose/|https://gosa.georgia.gov/document/publication/system-flexibility-updatepdf/download|https://www2.census.gov/geo/docs/reference/codes2020/schdist/st13_ga_schdist2020.txt
Heard County School District,county,1302790,674,Heard,,yes,Heard County School District,already_in_districts_csv,https://app3.doe.k12.ga.us/ows-bin/owa/main_pack_fcl099.entry_form|https://educationdata.urban.org/api/v1/school-districts/ccd/directory/|https://nces.ed.gov/ccd/|https://gadoe.org/policy/district-flexibility/|https://charter-system.org/purpose/|https://gosa.georgia.gov/document/publication/system-flexibility-updatepdf/download|https://www2.census.gov/geo/docs/reference/codes2020/schdist/st13_ga_schdist2020.txt
Henry County Schools,county,1302820,675,Henry,,yes,Henry County Schools,already_in_districts_csv,https://app3.doe.k12.ga.us/ows-bin/owa/main_pack_fcl099.entry_form|https://educationdata.urban.org/api/v1/school-districts/ccd/directory/|https://nces.ed.gov/ccd/|https://gadoe.org/policy/district-flexibility/|https://charter-system.org/purpose/|https://gosa.georgia.gov/document/publication/system-flexibility-updatepdf/download|https://www2.census.gov/geo/docs/reference/codes2020/schdist/st13_ga_schdist2020.txt
Houston County Schools,county,1302880,676,Houston,,no,,,https://app3.doe.k12.ga.us/ows-bin/owa/main_pack_fcl099.entry_form|https://educationdata.urban.org/api/v1/school-districts/ccd/directory/|https://nces.ed.gov/ccd/|https://gadoe.org/policy/district-flexibility/|https://charter-system.org/purpose/|https://gosa.georgia.gov/document/publication/system-flexibility-updatepdf/download|https://www2.census.gov/geo/docs/reference/codes2020/schdist/st13_ga_schdist2020.txt
Irwin County Schools,county,1302910,677,Irwin,,no,,,https://app3.doe.k12.ga.us/ows-bin/owa/main_pack_fcl099.entry_form|https://educationdata.urban.org/api/v1/school-districts/ccd/directory/|https://nces.ed.gov/ccd/|https://gadoe.org/policy/district-flexibility/|https://charter-system.org/purpose/|https://gosa.georgia.gov/document/publication/system-flexibility-updatepdf/download|https://www2.census.gov/geo/docs/reference/codes2020/schdist/st13_ga_schdist2020.txt
Jackson County School System,county,1302940,678,Jackson,,yes,Jackson County School System,already_in_districts_csv,https://app3.doe.k12.ga.us/ows-bin/owa/main_pack_fcl099.entry_form|https://educationdata.urban.org/api/v1/school-districts/ccd/directory/|https://nces.ed.gov/ccd/|https://gadoe.org/policy/district-flexibility/|https://charter-system.org/purpose/|https://gosa.georgia.gov/document/publication/system-flexibility-updatepdf/download|https://www2.census.gov/geo/docs/reference/codes2020/schdist/st13_ga_schdist2020.txt
Jasper County Charter System,charter_system,1302970,679,Jasper,http://www.jasper.k12.ga.us/,yes,Jasper County Charter System,already_in_districts_csv,https://app3.doe.k12.ga.us/ows-bin/owa/main_pack_fcl099.entry_form|https://educationdata.urban.org/api/v1/school-districts/ccd/directory/|https://nces.ed.gov/ccd/|https://gadoe.org/policy/district-flexibility/|https://charter-system.org/purpose/|https://gosa.georgia.gov/document/publication/system-flexibility-updatepdf/download|https://www2.census.gov/geo/docs/reference/codes2020/schdist/st13_ga_schdist2020.txt
Jeff Davis County Schools,county,1303000,680,Jeff Davis,,no,,,https://app3.doe.k12.ga.us/ows-bin/owa/main_pack_fcl099.entry_form|https://educationdata.urban.org/api/v1/school-districts/ccd/directory/|https://nces.ed.gov/ccd/|https://gadoe.org/policy/district-flexibility/|https://charter-system.org/purpose/|https://gosa.georgia.gov/document/publication/system-flexibility-updatepdf/download|https://www2.census.gov/geo/docs/reference/codes2020/schdist/st13_ga_schdist2020.txt
Jefferson County Schools,county,1303060,681,Jefferson,,no,,,https://app3.doe.k12.ga.us/ows-bin/owa/main_pack_fcl099.entry_form|https://educationdata.urban.org/api/v1/school-districts/ccd/directory/|https://nces.ed.gov/ccd/|https://gadoe.org/policy/district-flexibility/|https://charter-system.org/purpose/|https://gosa.georgia.gov/document/publication/system-flexibility-updatepdf/download|https://www2.census.gov/geo/docs/reference/codes2020/schdist/st13_ga_schdist2020.txt
Jenkins County Schools,county,1303090,682,Jenkins,,no,,,https://app3.doe.k12.ga.us/ows-bin/owa/main_pack_fcl099.entry_form|https://educationdata.urban.org/api/v1/school-districts/ccd/directory/|https://nces.ed.gov/ccd/|https://gadoe.org/policy/district-flexibility/|https://charter-system.org/purpose/|https://gosa.georgia.gov/document/publication/system-flexibility-updatepdf/download|https://www2.census.gov/geo/docs/reference/codes2020/schdist/st13_ga_schdist2020.txt
Johnson County Schools,county,1303120,683,Johnson,,no,,,https://app3.doe.k12.ga.us/ows-bin/owa/main_pack_fcl099.entry_form|https://educationdata.urban.org/api/v1/school-districts/ccd/directory/|https://nces.ed.gov/ccd/|https://gadoe.org/policy/district-flexibility/|https://charter-system.org/purpose/|https://gosa.georgia.gov/document/publication/system-flexibility-updatepdf/download|https://www2.census.gov/geo/docs/reference/codes2020/schdist/st13_ga_schdist2020.txt
Jones County Schools,county,1303150,684,Jones,,no,,,https://app3.doe.k12.ga.us/ows-bin/owa/main_pack_fcl099.entry_form|https://educationdata.urban.org/api/v1/school-districts/ccd/directory/|https://nces.ed.gov/ccd/|https://gadoe.org/policy/district-flexibility/|https://charter-system.org/purpose/|https://gosa.georgia.gov/document/publication/system-flexibility-updatepdf/download|https://www2.census.gov/geo/docs/reference/codes2020/schdist/st13_ga_schdist2020.txt
Lamar County Schools,county,1303210,685,Lamar,,no,,,https://app3.doe.k12.ga.us/ows-bin/owa/main_pack_fcl099.entry_form|https://educationdata.urban.org/api/v1/school-districts/ccd/directory/|https://nces.ed.gov/ccd/|https://gadoe.org/policy/district-flexibility/|https://charter-system.org/purpose/|https://gosa.georgia.gov/document/publication/system-flexibility-updatepdf/download|https://www2.census.gov/geo/docs/reference/codes2020/schdist/st13_ga_schdist2020.txt
Lanier County Schools,county,1303240,686,Lanier,,no,,,https://app3.doe.k12.ga.us/ows-bin/owa/main_pack_fcl099.entry_form|https://educationdata.urban.org/api/v1/school-districts/ccd/directory/|https://nces.ed.gov/ccd/|https://gadoe.org/policy/district-flexibility/|https://charter-system.org/purpose/|https://gosa.georgia.gov/document/publication/system-flexibility-updatepdf/download|https://www2.census.gov/geo/docs/reference/codes2020/schdist/st13_ga_schdist2020.txt
Laurens County Schools,county,1301890,687,Laurens,,no,,,https://app3.doe.k12.ga.us/ows-bin/owa/main_pack_fcl099.entry_form|https://educationdata.urban.org/api/v1/school-districts/ccd/directory/|https://nces.ed.gov/ccd/|https://gadoe.org/policy/district-flexibility/|https://charter-system.org/purpose/|https://gosa.georgia.gov/document/publication/system-flexibility-updatepdf/download|https://www2.census.gov/geo/docs/reference/codes2020/schdist/st13_ga_schdist2020.txt
Lee County Schools,county,1303270,688,Lee,,no,,,https://app3.doe.k12.ga.us/ows-bin/owa/main_pack_fcl099.entry_form|https://educationdata.urban.org/api/v1/school-districts/ccd/directory/|https://nces.ed.gov/ccd/|https://gadoe.org/policy/district-flexibility/|https://charter-system.org/purpose/|https://gosa.georgia.gov/document/publication/system-flexibility-updatepdf/download|https://www2.census.gov/geo/docs/reference/codes2020/schdist/st13_ga_schdist2020.txt
Liberty County Schools,charter_system,1303300,689,Liberty,http://www.liberty.k12.ga.us/,no,,,https://app3.doe.k12.ga.us/ows-bin/owa/main_pack_fcl099.entry_form|https://educationdata.urban.org/api/v1/school-districts/ccd/directory/|https://nces.ed.gov/ccd/|https://gadoe.org/policy/district-flexibility/|https://charter-system.org/purpose/|https://gosa.georgia.gov/document/publication/system-flexibility-updatepdf/download|https://www2.census.gov/geo/docs/reference/codes2020/schdist/st13_ga_schdist2020.txt
Lincoln County Schools,county,1303330,690,Lincoln,,yes,Lincoln County Schools,,https://app3.doe.k12.ga.us/ows-bin/owa/main_pack_fcl099.entry_form|https://educationdata.urban.org/api/v1/school-districts/ccd/directory/|https://nces.ed.gov/ccd/|https://gadoe.org/policy/district-flexibility/|https://charter-system.org/purpose/|https://gosa.georgia.gov/document/publication/system-flexibility-updatepdf/download|https://www2.census.gov/geo/docs/reference/codes2020/schdist/st13_ga_schdist2020.txt
Long County Schools,county,1303360,691,Long,,no,,,https://app3.doe.k12.ga.us/ows-bin/owa/main_pack_fcl099.entry_form|https://educationdata.urban.org/api/v1/school-districts/ccd/directory/|https://nces.ed.gov/ccd/|https://gadoe.org/policy/district-flexibility/|https://charter-system.org/purpose/|https://gosa.georgia.gov/document/publication/system-flexibility-updatepdf/download|https://www2.census.gov/geo/docs/reference/codes2020/schdist/st13_ga_schdist2020.txt
Lowndes County Schools,county,1303390,692,Lowndes,,no,,,https://app3.doe.k12.ga.us/ows-bin/owa/main_pack_fcl099.entry_form|https://educationdata.urban.org/api/v1/school-districts/ccd/directory/|https://nces.ed.gov/ccd/|https://gadoe.org/policy/district-flexibility/|https://charter-system.org/purpose/|https://gosa.georgia.gov/document/publication/system-flexibility-updatepdf/download|https://www2.census.gov/geo/docs/reference/codes2020/schdist/st13_ga_schdist2020.txt
Lumpkin County Schools,charter_system,1303420,693,Lumpkin,http://www.lumpkinschools.com/,yes,Lumpkin County Schools,already_in_districts_csv,https://app3.doe.k12.ga.us/ows-bin/owa/main_pack_fcl099.entry_form|https://educationdata.urban.org/api/v1/school-districts/ccd/directory/|https://nces.ed.gov/ccd/|https://gadoe.org/policy/district-flexibility/|https://charter-system.org/purpose/|https://gosa.georgia.gov/document/publication/system-flexibility-updatepdf/download|https://www2.census.gov/geo/docs/reference/codes2020/schdist/st13_ga_schdist2020.txt
Macon County Schools,county,1303450,694,Macon,,no,,,https://app3.doe.k12.ga.us/ows-bin/owa/main_pack_fcl099.entry_form|https://educationdata.urban.org/api/v1/school-districts/ccd/directory/|https://nces.ed.gov/ccd/|https://gadoe.org/policy/district-flexibility/|https://charter-system.org/purpose/|https://gosa.georgia.gov/document/publication/system-flexibility-updatepdf/download|https://www2.census.gov/geo/docs/reference/codes2020/schdist/st13_ga_schdist2020.txt
Madison County Schools,charter_system,1303480,695,Madison,http://www.madison.k12.ga.us/,yes,Madison County Schools,,https://app3.doe.k12.ga.us/ows-bin/owa/main_pack_fcl099.entry_form|https://educationdata.urban.org/api/v1/school-districts/ccd/directory/|https://nces.ed.gov/ccd/|https://gadoe.org/policy/district-flexibility/|https://charter-system.org/purpose/|https://gosa.georgia.gov/document/publication/system-flexibility-updatepdf/download|https://www2.census.gov/geo/docs/reference/codes2020/schdist/st13_ga_schdist2020.txt
Marion County Schools,county,1303540,696,Marion,,no,,,https://app3.doe.k12.ga.us/ows-bin/owa/main_pack_fcl099.entry_form|https://educationdata.urban.org/api/v1/school-districts/ccd/directory/|https://nces.ed.gov/ccd/|https://gadoe.org/policy/district-flexibility/|https://charter-system.org/purpose/|https://gosa.georgia.gov/document/publication/system-flexibility-updatepdf/download|https://www2.census.gov/geo/docs/reference/codes2020/schdist/st13_ga_schdist2020.txt
McDuffie County Schools,county,1303570,697,McDuffie,,no,,,https://app3.doe.k12.ga.us/ows-bin/owa/main_pack_fcl099.entry_form|https://educationdata.urban.org/api/v1/school-districts/ccd/directory/|https://nces.ed.gov/ccd/|https://gadoe.org/policy/district-flexibility/|https://charter-system.org/purpose/|https://gosa.georgia.gov/document/publication/system-flexibility-updatepdf/download|https://www2.census.gov/geo/docs/reference/codes2020/schdist/st13_ga_schdist2020.txt
McIntosh County Schools,county,1303600,698,McIntosh,,no,,,https://app3.doe.k12.ga.us/ows-bin/owa/main_pack_fcl099.entry_form|https://educationdata.urban.org/api/v1/school-districts/ccd/directory/|https://nces.ed.gov/ccd/|https://gadoe.org/policy/district-flexibility/|https://charter-system.org/purpose/|https://gosa.georgia.gov/document/publication/system-flexibility-updatepdf/download|https://www2.census.gov/geo/docs/reference/codes2020/schdist/st13_ga_schdist2020.txt
Meriwether County Schools,county,1303630,699,Meriwether,,no,,,https://app3.doe.k12.ga.us/ows-bin/owa/main_pack_fcl099.entry_form|https://educationdata.urban.org/api/v1/school-districts/ccd/directory/|https://nces.ed.gov/ccd/|https://gadoe.org/policy/district-flexibility/|https://charter-system.org/purpose/|https://gosa.georgia.gov/document/publication/system-flexibility-updatepdf/download|https://www2.census.gov/geo/docs/reference/codes2020/schdist/st13_ga_schdist2020.txt
Miller County Schools,county,1303660,700,Miller,,no,,,https://app3.doe.k12.ga.us/ows-bin/owa/main_pack_fcl099.entry_form|https://educationdata.urban.org/api/v1/school-districts/ccd/directory/|https://nces.ed.gov/ccd/|https://gadoe.org/policy/district-flexibility/|https://charter-system.org/purpose/|https://gosa.georgia.gov/document/publication/system-flexibility-updatepdf/download|https://www2.census.gov/geo/docs/reference/codes2020/schdist/st13_ga_schdist2020.txt
Mitchell County Schools,county,1303690,701,Mitchell,,no,,,https://app3.doe.k12.ga.us/ows-bin/owa/main_pack_fcl099.entry_form|https://educationdata.urban.org/api/v1/school-districts/ccd/directory/|https://nces.ed.gov/ccd/|https://gadoe.org/policy/district-flexibility/|https://charter-system.org/purpose/|https://gosa.georgia.gov/document/publication/system-flexibility-updatepdf/download|https://www2.census.gov/geo/docs/reference/codes2020/schdist/st13_ga_schdist2020.txt
Monroe County Schools,county,1303720,702,Monroe,,no,,,https://app3.doe.k12.ga.us/ows-bin/owa/main_pack_fcl099.entry_form|https://educationdata.urban.org/api/v1/school-districts/ccd/directory/|https://nces.ed.gov/ccd/|https://gadoe.org/policy/district-flexibility/|https://charter-system.org/purpose/|https://gosa.georgia.gov/document/publication/system-flexibility-updatepdf/download|https://www2.census.gov/geo/docs/reference/codes2020/schdist/st13_ga_schdist2020.txt
Montgomery County Schools,county,1303750,703,Montgomery,,no,,,https://app3.doe.k12.ga.us/ows-bin/owa/main_pack_fcl099.entry_form|https://educationdata.urban.org/api/v1/school-districts/ccd/directory/|https://nces.ed.gov/ccd/|https://gadoe.org/policy/district-flexibility/|https://charter-system.org/purpose/|https://gosa.georgia.gov/document/publication/system-flexibility-updatepdf/download|https://www2.census.gov/geo/docs/reference/codes2020/schdist/st13_ga_schdist2020.txt
Morgan County Schools,charter_system,1303780,704,Morgan,http://www.morgan.k12.ga.us/,no,,,https://app3.doe.k12.ga.us/ows-bin/owa/main_pack_fcl099.entry_form|https://educationdata.urban.org/api/v1/school-districts/ccd/directory/|https://nces.ed.gov/ccd/|https://gadoe.org/policy/district-flexibility/|https://charter-system.org/purpose/|https://gosa.georgia.gov/document/publication/system-flexibility-updatepdf/download|https://www2.census.gov/geo/docs/reference/codes2020/schdist/st13_ga_schdist2020.txt
Murray County Schools,county,1303840,705,Murray,,yes,Murray County Schools,already_in_districts_csv,https://app3.doe.k12.ga.us/ows-bin/owa/main_pack_fcl099.entry_form|https://educationdata.urban.org/api/v1/school-districts/ccd/directory/|https://nces.ed.gov/ccd/|https://gadoe.org/policy/district-flexibility/|https://charter-system.org/purpose/|https://gosa.georgia.gov/document/publication/system-flexibility-updatepdf/download|https://www2.census.gov/geo/docs/reference/codes2020/schdist/st13_ga_schdist2020.txt
Muscogee County Schools,county,1303870,706,Muscogee,,no,,,https://app3.doe.k12.ga.us/ows-bin/owa/main_pack_fcl099.entry_form|https://educationdata.urban.org/api/v1/school-districts/ccd/directory/|https://nces.ed.gov/ccd/|https://gadoe.org/policy/district-flexibility/|https://charter-system.org/purpose/|https://gosa.georgia.gov/document/publication/system-flexibility-updatepdf/download|https://www2.census.gov/geo/docs/reference/codes2020/schdist/st13_ga_schdist2020.txt
Newton County School System,county,1303930,707,Newton,,yes,Newton County School System,already_in_districts_csv,https://app3.doe.k12.ga.us/ows-bin/owa/main_pack_fcl099.entry_form|https://educationdata.urban.org/api/v1/school-districts/ccd/directory/|https://nces.ed.gov/ccd/|https://gadoe.org/policy/district-flexibility/|https://charter-system.org/purpose/|https://gosa.georgia.gov/document/publication/system-flexibility-updatepdf/download|https://www2.census.gov/geo/docs/reference/codes2020/schdist/st13_ga_schdist2020.txt
Oconee County Schools,county,1303960,708,Oconee,,no,,,https://app3.doe.k12.ga.us/ows-bin/owa/main_pack_fcl099.entry_form|https://educationdata.urban.org/api/v1/school-districts/ccd/directory/|https://nces.ed.gov/ccd/|https://gadoe.org/policy/district-flexibility/|https://charter-system.org/purpose/|https://gosa.georgia.gov/document/publication/system-flexibility-updatepdf/download|https://www2.census.gov/geo/docs/reference/codes2020/schdist/st13_ga_schdist2020.txt
Oglethorpe County Schools,county,1303990,709,Oglethorpe,,yes,Oglethorpe County School System,,https://app3.doe.k12.ga.us/ows-bin/owa/main_pack_fcl099.entry_form|https://educationdata.urban.org/api/v1/school-districts/ccd/directory/|https://nces.ed.gov/ccd/|https://gadoe.org/policy/district-flexibility/|https://charter-system.org/purpose/|https://gosa.georgia.gov/document/publication/system-flexibility-updatepdf/download|https://www2.census.gov/geo/docs/reference/codes2020/schdist/st13_ga_schdist2020.txt
Paulding County School District,county,1304020,710,Paulding,,yes,Paulding County School District,already_in_districts_csv,https://app3.doe.k12.ga.us/ows-bin/owa/main_pack_fcl099.entry_form|https://educationdata.urban.org/api/v1/school-districts/ccd/directory/|https://nces.ed.gov/ccd/|https://gadoe.org/policy/district-flexibility/|https://charter-system.org/purpose/|https://gosa.georgia.gov/document/publication/system-flexibility-updatepdf/download|https://www2.census.gov/geo/docs/reference/codes2020/schdist/st13_ga_schdist2020.txt
Peach County Schools,charter_system,1304050,711,Peach,https://www.peachschools.org/,no,,,https://app3.doe.k12.ga.us/ows-bin/owa/main_pack_fcl099.entry_form|https://educationdata.urban.org/api/v1/school-districts/ccd/directory/|https://nces.ed.gov/ccd/|https://gadoe.org/policy/district-flexibility/|https://charter-system.org/purpose/|https://gosa.georgia.gov/document/publication/system-flexibility-updatepdf/download|https://www2.census.gov/geo/docs/reference/codes2020/schdist/st13_ga_schdist2020.txt
Pickens County Schools,county,1304110,712,Pickens,,yes,Pickens County Schools,already_in_districts_csv,https://app3.doe.k12.ga.us/ows-bin/owa/main_pack_fcl099.entry_form|https://educationdata.urban.org/api/v1/school-districts/ccd/directory/|https://nces.ed.gov/ccd/|https://gadoe.org/policy/district-flexibility/|https://charter-system.org/purpose/|https://gosa.georgia.gov/document/publication/system-flexibility-updatepdf/download|https://www2.census.gov/geo/docs/reference/codes2020/schdist/st13_ga_schdist2020.txt
Pierce County Schools,county,1304140,713,Pierce,,no,,,https://app3.doe.k12.ga.us/ows-bin/owa/main_pack_fcl099.entry_form|https://educationdata.urban.org/api/v1/school-districts/ccd/directory/|https://nces.ed.gov/ccd/|https://gadoe.org/policy/district-flexibility/|https://charter-system.org/purpose/|https://gosa.georgia.gov/document/publication/system-flexibility-updatepdf/download|https://www2.census.gov/geo/docs/reference/codes2020/schdist/st13_ga_schdist2020.txt
Pike County School District,county,1304170,714,Pike,,yes,Pike County School District,already_in_districts_csv,https://app3.doe.k12.ga.us/ows-bin/owa/main_pack_fcl099.entry_form|https://educationdata.urban.org/api/v1/school-districts/ccd/directory/|https://nces.ed.gov/ccd/|https://gadoe.org/policy/district-flexibility/|https://charter-system.org/purpose/|https://gosa.georgia.gov/document/publication/system-flexibility-updatepdf/download|https://www2.census.gov/geo/docs/reference/codes2020/schdist/st13_ga_schdist2020.txt
Polk County Schools,county,1304200,715,Polk,,no,,,https://app3.doe.k12.ga.us/ows-bin/owa/main_pack_fcl099.entry_form|https://educationdata.urban.org/api/v1/school-districts/ccd/directory/|https://nces.ed.gov/ccd/|https://gadoe.org/policy/district-flexibility/|https://charter-system.org/purpose/|https://gosa.georgia.gov/document/publication/system-flexibility-updatepdf/download|https://www2.census.gov/geo/docs/reference/codes2020/schdist/st13_ga_schdist2020.txt
Pulaski County Schools,county,1304220,716,Pulaski,,no,,,https://app3.doe.k12.ga.us/ows-bin/owa/main_pack_fcl099.entry_form|https://educationdata.urban.org/api/v1/school-districts/ccd/directory/|https://nces.ed.gov/ccd/|https://gadoe.org/policy/district-flexibility/|https://charter-system.org/purpose/|https://gosa.georgia.gov/document/publication/system-flexibility-updatepdf/download|https://www2.census.gov/geo/docs/reference/codes2020/schdist/st13_ga_schdist2020.txt
Putnam County Schools,charter_system,1304260,717,Putnam,http://www.putnam.k12.ga.us/,no,,,https://app3.doe.k12.ga.us/ows-bin/owa/main_pack_fcl099.entry_form|https://educationdata.urban.org/api/v1/school-districts/ccd/directory/|https://nces.ed.gov/ccd/|https://gadoe.org/policy/district-flexibility/|https://charter-system.org/purpose/|https://gosa.georgia.gov/document/publication/system-flexibility-updatepdf/download|https://www2.census.gov/geo/docs/reference/codes2020/schdist/st13_ga_schdist2020.txt
Quitman County Schools,county,1304290,718,Quitman,,no,,,https://app3.doe.k12.ga.us/ows-bin/owa/main_pack_fcl099.entry_form|https://educationdata.urban.org/api/v1/school-districts/ccd/directory/|https://nces.ed.gov/ccd/|https://gadoe.org/policy/district-flexibility/|https://charter-system.org/purpose/|https://gosa.georgia.gov/document/publication/system-flexibility-updatepdf/download|https://www2.census.gov/geo/docs/reference/codes2020/schdist/st13_ga_schdist2020.txt
Rabun County Schools,county,1304320,719,Rabun,,yes,Rabun County Schools,already_in_districts_csv,https://app3.doe.k12.ga.us/ows-bin/owa/main_pack_fcl099.entry_form|https://educationdata.urban.org/api/v1/school-districts/ccd/directory/|https://nces.ed.gov/ccd/|https://gadoe.org/policy/district-flexibility/|https://charter-system.org/purpose/|https://gosa.georgia.gov/document/publication/system-flexibility-updatepdf/download|https://www2.census.gov/geo/docs/reference/codes2020/schdist/st13_ga_schdist2020.txt
Randolph County Schools,charter_system,1304350,720,Randolph,,no,,,https://app3.doe.k12.ga.us/ows-bin/owa/main_pack_fcl099.entry_form|https://educationdata.urban.org/api/v1/school-districts/ccd/directory/|https://nces.ed.gov/ccd/|https://gadoe.org/policy/district-flexibility/|https://charter-system.org/purpose/|https://gosa.georgia.gov/document/publication/system-flexibility-updatepdf/download|https://www2.census.gov/geo/docs/reference/codes2020/schdist/st13_ga_schdist2020.txt
Richmond County Schools,county,1304380,721,Richmond,,no,,,https://app3.doe.k12.ga.us/ows-bin/owa/main_pack_fcl099.entry_form|https://educationdata.urban.org/api/v1/school-districts/ccd/directory/|https://nces.ed.gov/ccd/|https://gadoe.org/policy/district-flexibility/|https://charter-system.org/purpose/|https://gosa.georgia.gov/document/publication/system-flexibility-updatepdf/download|https://www2.census.gov/geo/docs/reference/codes2020/schdist/st13_ga_schdist2020.txt
Rockdale County Public Schools,county,1304410,722,Rockdale,,yes,Rockdale County Public Schools,already_in_districts_csv,https://app3.doe.k12.ga.us/ows-bin/owa/main_pack_fcl099.entry_form|https://educationdata.urban.org/api/v1/school-districts/ccd/directory/|https://nces.ed.gov/ccd/|https://gadoe.org/policy/district-flexibility/|https://charter-system.org/purpose/|https://gosa.georgia.gov/document/publication/system-flexibility-updatepdf/download|https://www2.census.gov/geo/docs/reference/codes2020/schdist/st13_ga_schdist2020.txt
Schley County Schools,county,1304470,723,Schley,,no,,,https://app3.doe.k12.ga.us/ows-bin/owa/main_pack_fcl099.entry_form|https://educationdata.urban.org/api/v1/school-districts/ccd/directory/|https://nces.ed.gov/ccd/|https://gadoe.org/policy/district-flexibility/|https://charter-system.org/purpose/|https://gosa.georgia.gov/document/publication/system-flexibility-updatepdf/download|https://www2.census.gov/geo/docs/reference/codes2020/schdist/st13_ga_schdist2020.txt
Screven County Schools,county,1304500,724,Screven,,no,,,https://app3.doe.k12.ga.us/ows-bin/owa/main_pack_fcl099.entry_form|https://educationdata.urban.org/api/v1/school-districts/ccd/directory/|https://nces.ed.gov/ccd/|https://gadoe.org/policy/district-flexibility/|https://charter-system.org/purpose/|https://gosa.georgia.gov/document/publication/system-flexibility-updatepdf/download|https://www2.census.gov/geo/docs/reference/codes2020/schdist/st13_ga_schdist2020.txt
Seminole County Schools,county,1304530,725,Seminole,,no,,,https://app3.doe.k12.ga.us/ows-bin/owa/main_pack_fcl099.entry_form|https://educationdata.urban.org/api/v1/school-districts/ccd/directory/|https://nces.ed.gov/ccd/|https://gadoe.org/policy/district-flexibility/|https://charter-system.org/purpose/|https://gosa.georgia.gov/document/publication/system-flexibility-updatepdf/download|https://www2.census.gov/geo/docs/reference/codes2020/schdist/st13_ga_schdist2020.txt
Griffin-Spalding County School System,county,1302520,726,Spalding,,yes,Griffin-Spalding County School System,already_in_districts_csv,https://app3.doe.k12.ga.us/ows-bin/owa/main_pack_fcl099.entry_form|https://educationdata.urban.org/api/v1/school-districts/ccd/directory/|https://nces.ed.gov/ccd/|https://gadoe.org/policy/district-flexibility/|https://charter-system.org/purpose/|https://gosa.georgia.gov/document/publication/system-flexibility-updatepdf/download|https://www2.census.gov/geo/docs/reference/codes2020/schdist/st13_ga_schdist2020.txt
Stephens County Schools,charter_system,1304560,727,Stephens,https://www.stephenscountyschools.com/,yes,Stephens County School System,,https://app3.doe.k12.ga.us/ows-bin/owa/main_pack_fcl099.entry_form|https://educationdata.urban.org/api/v1/school-districts/ccd/directory/|https://nces.ed.gov/ccd/|https://gadoe.org/policy/district-flexibility/|https://charter-system.org/purpose/|https://gosa.georgia.gov/document/publication/system-flexibility-updatepdf/download|https://www2.census.gov/geo/docs/reference/codes2020/schdist/st13_ga_schdist2020.txt
Stewart County Schools,county,1304590,728,Stewart,,no,,,https://app3.doe.k12.ga.us/ows-bin/owa/main_pack_fcl099.entry_form|https://educationdata.urban.org/api/v1/school-districts/ccd/directory/|https://nces.ed.gov/ccd/|https://gadoe.org/policy/district-flexibility/|https://charter-system.org/purpose/|https://gosa.georgia.gov/document/publication/system-flexibility-updatepdf/download|https://www2.census.gov/geo/docs/reference/codes2020/schdist/st13_ga_schdist2020.txt
Sumter County Schools,county,1304620,729,Sumter,,no,,,https://app3.doe.k12.ga.us/ows-bin/owa/main_pack_fcl099.entry_form|https://educationdata.urban.org/api/v1/school-districts/ccd/directory/|https://nces.ed.gov/ccd/|https://gadoe.org/policy/district-flexibility/|https://charter-system.org/purpose/|https://gosa.georgia.gov/document/publication/system-flexibility-updatepdf/download|https://www2.census.gov/geo/docs/reference/codes2020/schdist/st13_ga_schdist2020.txt
Talbot County Schools,county,1304650,730,Talbot,,no,,,https://app3.doe.k12.ga.us/ows-bin/owa/main_pack_fcl099.entry_form|https://educationdata.urban.org/api/v1/school-districts/ccd/directory/|https://nces.ed.gov/ccd/|https://gadoe.org/policy/district-flexibility/|https://charter-system.org/purpose/|https://gosa.georgia.gov/document/publication/system-flexibility-updatepdf/download|https://www2.census.gov/geo/docs/reference/codes2020/schdist/st13_ga_schdist2020.txt
Taliaferro County Schools,charter_system,1304680,731,Taliaferro,http://www.taliaferro.k12.ga.us/,no,,,https://app3.doe.k12.ga.us/ows-bin/owa/main_pack_fcl099.entry_form|https://educationdata.urban.org/api/v1/school-districts/ccd/directory/|https://nces.ed.gov/ccd/|https://gadoe.org/policy/district-flexibility/|https://charter-system.org/purpose/|https://gosa.georgia.gov/document/publication/system-flexibility-updatepdf/download|https://www2.census.gov/geo/docs/reference/codes2020/schdist/st13_ga_schdist2020.txt
Tattnall County Schools,county,1304770,732,Tattnall,,no,,,https://app3.doe.k12.ga.us/ows-bin/owa/main_pack_fcl099.entry_form|https://educationdata.urban.org/api/v1/school-districts/ccd/directory/|https://nces.ed.gov/ccd/|https://gadoe.org/policy/district-flexibility/|https://charter-system.org/purpose/|https://gosa.georgia.gov/document/publication/system-flexibility-updatepdf/download|https://www2.census.gov/geo/docs/reference/codes2020/schdist/st13_ga_schdist2020.txt
Taylor County Schools,county,1304800,733,Taylor,,no,,,https://app3.doe.k12.ga.us/ows-bin/owa/main_pack_fcl099.entry_form|https://educationdata.urban.org/api/v1/school-districts/ccd/directory/|https://nces.ed.gov/ccd/|https://gadoe.org/policy/district-flexibility/|https://charter-system.org/purpose/|https://gosa.georgia.gov/document/publication/system-flexibility-updatepdf/download|https://www2.census.gov/geo/docs/reference/codes2020/schdist/st13_ga_schdist2020.txt
Telfair County Schools,county,1304830,734,Telfair,,no,,,https://app3.doe.k12.ga.us/ows-bin/owa/main_pack_fcl099.entry_form|https://educationdata.urban.org/api/v1/school-districts/ccd/directory/|https://nces.ed.gov/ccd/|https://gadoe.org/policy/district-flexibility/|https://charter-system.org/purpose/|https://gosa.georgia.gov/document/publication/system-flexibility-updatepdf/download|https://www2.census.gov/geo/docs/reference/codes2020/schdist/st13_ga_schdist2020.txt
Terrell County Schools,charter_system,1304860,735,Terrell,https://www.terrell.k12.ga.us/,no,,,https://app3.doe.k12.ga.us/ows-bin/owa/main_pack_fcl099.entry_form|https://educationdata.urban.org/api/v1/school-districts/ccd/directory/|https://nces.ed.gov/ccd/|https://gadoe.org/policy/district-flexibility/|https://charter-system.org/purpose/|https://gosa.georgia.gov/document/publication/system-flexibility-updatepdf/download|https://www2.census.gov/geo/docs/reference/codes2020/schdist/st13_ga_schdist2020.txt
Thomas County Schools,county,1304890,736,Thomas,,no,,,https://app3.doe.k12.ga.us/ows-bin/owa/main_pack_fcl099.entry_form|https://educationdata.urban.org/api/v1/school-districts/ccd/directory/|https://nces.ed.gov/ccd/|https://gadoe.org/policy/district-flexibility/|https://charter-system.org/purpose/|https://gosa.georgia.gov/document/publication/system-flexibility-updatepdf/download|https://www2.census.gov/geo/docs/reference/codes2020/schdist/st13_ga_schdist2020.txt
Tift County Schools,charter_system,1304980,737,Tift,http://www.tiftschools.com/,no,,,https://app3.doe.k12.ga.us/ows-bin/owa/main_pack_fcl099.entry_form|https://educationdata.urban.org/api/v1/school-districts/ccd/directory/|https://nces.ed.gov/ccd/|https://gadoe.org/policy/district-flexibility/|https://charter-system.org/purpose/|https://gosa.georgia.gov/document/publication/system-flexibility-updatepdf/download|https://www2.census.gov/geo/docs/reference/codes2020/schdist/st13_ga_schdist2020.txt
Toombs County Schools,county,1305040,738,Toombs,,no,,,https://app3.doe.k12.ga.us/ows-bin/owa/main_pack_fcl099.entry_form|https://educationdata.urban.org/api/v1/school-districts/ccd/directory/|https://nces.ed.gov/ccd/|https://gadoe.org/policy/district-flexibility/|https://charter-system.org/purpose/|https://gosa.georgia.gov/document/publication/system-flexibility-updatepdf/download|https://www2.census.gov/geo/docs/reference/codes2020/schdist/st13_ga_schdist2020.txt
Towns County Schools,county,1305070,739,Towns,,yes,Towns County Schools,already_in_districts_csv,https://app3.doe.k12.ga.us/ows-bin/owa/main_pack_fcl099.entry_form|https://educationdata.urban.org/api/v1/school-districts/ccd/directory/|https://nces.ed.gov/ccd/|https://gadoe.org/policy/district-flexibility/|https://charter-system.org/purpose/|https://gosa.georgia.gov/document/publication/system-flexibility-updatepdf/download|https://www2.census.gov/geo/docs/reference/codes2020/schdist/st13_ga_schdist2020.txt
Treutlen County Schools,county,1305100,740,Treutlen,,no,,,https://app3.doe.k12.ga.us/ows-bin/owa/main_pack_fcl099.entry_form|https://educationdata.urban.org/api/v1/school-districts/ccd/directory/|https://nces.ed.gov/ccd/|https://gadoe.org/policy/district-flexibility/|https://charter-system.org/purpose/|https://gosa.georgia.gov/document/publication/system-flexibility-updatepdf/download|https://www2.census.gov/geo/docs/reference/codes2020/schdist/st13_ga_schdist2020.txt
Troup County School System,county,1300001,741,Troup,,yes,Troup County School System,already_in_districts_csv,https://app3.doe.k12.ga.us/ows-bin/owa/main_pack_fcl099.entry_form|https://educationdata.urban.org/api/v1/school-districts/ccd/directory/|https://nces.ed.gov/ccd/|https://gadoe.org/policy/district-flexibility/|https://charter-system.org/purpose/|https://gosa.georgia.gov/document/publication/system-flexibility-updatepdf/download|https://www2.census.gov/geo/docs/reference/codes2020/schdist/st13_ga_schdist2020.txt
Turner County Schools,county,1305190,742,Turner,,no,,,https://app3.doe.k12.ga.us/ows-bin/owa/main_pack_fcl099.entry_form|https://educationdata.urban.org/api/v1/school-districts/ccd/directory/|https://nces.ed.gov/ccd/|https://gadoe.org/policy/district-flexibility/|https://charter-system.org/purpose/|https://gosa.georgia.gov/document/publication/system-flexibility-updatepdf/download|https://www2.census.gov/geo/docs/reference/codes2020/schdist/st13_ga_schdist2020.txt
Twiggs County Schools,county,1305220,743,Twiggs,,no,,,https://app3.doe.k12.ga.us/ows-bin/owa/main_pack_fcl099.entry_form|https://educationdata.urban.org/api/v1/school-districts/ccd/directory/|https://nces.ed.gov/ccd/|https://gadoe.org/policy/district-flexibility/|https://charter-system.org/purpose/|https://gosa.georgia.gov/document/publication/system-flexibility-updatepdf/download|https://www2.census.gov/geo/docs/reference/codes2020/schdist/st13_ga_schdist2020.txt
Union County Schools,charter_system,1305250,744,Union,http://www.ucschools.org/,yes,Union County Schools,already_in_districts_csv,https://app3.doe.k12.ga.us/ows-bin/owa/main_pack_fcl099.entry_form|https://educationdata.urban.org/api/v1/school-districts/ccd/directory/|https://nces.ed.gov/ccd/|https://gadoe.org/policy/district-flexibility/|https://charter-system.org/purpose/|https://gosa.georgia.gov/document/publication/system-flexibility-updatepdf/download|https://www2.census.gov/geo/docs/reference/codes2020/schdist/st13_ga_schdist2020.txt
Thomaston-Upson County Schools,county,1305280,745,Upson,,no,,,https://app3.doe.k12.ga.us/ows-bin/owa/main_pack_fcl099.entry_form|https://educationdata.urban.org/api/v1/school-districts/ccd/directory/|https://nces.ed.gov/ccd/|https://gadoe.org/policy/district-flexibility/|https://charter-system.org/purpose/|https://gosa.georgia.gov/document/publication/system-flexibility-updatepdf/download|https://www2.census.gov/geo/docs/reference/codes2020/schdist/st13_ga_schdist2020.txt
Walker County Schools,county,1305370,746,Walker,,no,,,https://app3.doe.k12.ga.us/ows-bin/owa/main_pack_fcl099.entry_form|https://educationdata.urban.org/api/v1/school-districts/ccd/directory/|https://nces.ed.gov/ccd/|https://gadoe.org/policy/district-flexibility/|https://charter-system.org/purpose/|https://gosa.georgia.gov/document/publication/system-flexibility-updatepdf/download|https://www2.census.gov/geo/docs/reference/codes2020/schdist/st13_ga_schdist2020.txt
Walton County School District,county,1305390,747,Walton,,yes,Walton County School District,already_in_districts_csv,https://app3.doe.k12.ga.us/ows-bin/owa/main_pack_fcl099.entry_form|https://educationdata.urban.org/api/v1/school-districts/ccd/directory/|https://nces.ed.gov/ccd/|https://gadoe.org/policy/district-flexibility/|https://charter-system.org/purpose/|https://gosa.georgia.gov/document/publication/system-flexibility-updatepdf/download|https://www2.census.gov/geo/docs/reference/codes2020/schdist/st13_ga_schdist2020.txt
Ware County Schools,county,1305430,748,Ware,,no,,,https://app3.doe.k12.ga.us/ows-bin/owa/main_pack_fcl099.entry_form|https://educationdata.urban.org/api/v1/school-districts/ccd/directory/|https://nces.ed.gov/ccd/|https://gadoe.org/policy/district-flexibility/|https://charter-system.org/purpose/|https://gosa.georgia.gov/document/publication/system-flexibility-updatepdf/download|https://www2.census.gov/geo/docs/reference/codes2020/schdist/st13_ga_schdist2020.txt
Warren County Schools,charter_system,1305460,749,Warren,http://www.warren.k12.ga.us/,no,,,https://app3.doe.k12.ga.us/ows-bin/owa/main_pack_fcl099.entry_form|https://educationdata.urban.org/api/v1/school-districts/ccd/directory/|https://nces.ed.gov/ccd/|https://gadoe.org/policy/district-flexibility/|https://charter-system.org/purpose/|https://gosa.georgia.gov/document/publication/system-flexibility-updatepdf/download|https://www2.census.gov/geo/docs/reference/codes2020/schdist/st13_ga_schdist2020.txt
Washington County Schools,county,1305490,750,Washington,,no,,,https://app3.doe.k12.ga.us/ows-bin/owa/main_pack_fcl099.entry_form|https://educationdata.urban.org/api/v1/school-districts/ccd/directory/|https://nces.ed.gov/ccd/|https://gadoe.org/policy/district-flexibility/|https://charter-system.org/purpose/|https://gosa.georgia.gov/document/publication/system-flexibility-updatepdf/download|https://www2.census.gov/geo/docs/reference/codes2020/schdist/st13_ga_schdist2020.txt
Wayne County Schools,county,1305550,751,Wayne,,no,,,https://app3.doe.k12.ga.us/ows-bin/owa/main_pack_fcl099.entry_form|https://educationdata.urban.org/api/v1/school-districts/ccd/directory/|https://nces.ed.gov/ccd/|https://gadoe.org/policy/district-flexibility/|https://charter-system.org/purpose/|https://gosa.georgia.gov/document/publication/system-flexibility-updatepdf/download|https://www2.census.gov/geo/docs/reference/codes2020/schdist/st13_ga_schdist2020.txt
Webster County Schools,county,1305580,752,Webster,,no,,,https://app3.doe.k12.ga.us/ows-bin/owa/main_pack_fcl099.entry_form|https://educationdata.urban.org/api/v1/school-districts/ccd/directory/|https://nces.ed.gov/ccd/|https://gadoe.org/policy/district-flexibility/|https://charter-system.org/purpose/|https://gosa.georgia.gov/document/publication/system-flexibility-updatepdf/download|https://www2.census.gov/geo/docs/reference/codes2020/schdist/st13_ga_schdist2020.txt
Wheeler County Schools,county,1305640,753,Wheeler,,no,,,https://app3.doe.k12.ga.us/ows-bin/owa/main_pack_fcl099.entry_form|https://educationdata.urban.org/api/v1/school-districts/ccd/directory/|https://nces.ed.gov/ccd/|https://gadoe.org/policy/district-flexibility/|https://charter-system.org/purpose/|https://gosa.georgia.gov/document/publication/system-flexibility-updatepdf/download|https://www2.census.gov/geo/docs/reference/codes2020/schdist/st13_ga_schdist2020.txt
White County School System,charter_system,1305670,754,White,https://www.white.k12.ga.us/,yes,White County School System,already_in_districts_csv,https://app3.doe.k12.ga.us/ows-bin/owa/main_pack_fcl099.entry_form|https://educationdata.urban.org/api/v1/school-districts/ccd/directory/|https://nces.ed.gov/ccd/|https://gadoe.org/policy/district-flexibility/|https://charter-system.org/purpose/|https://gosa.georgia.gov/document/publication/system-flexibility-updatepdf/download|https://www2.census.gov/geo/docs/reference/codes2020/schdist/st13_ga_schdist2020.txt
Whitfield County Schools,county,1305700,755,Whitfield,,no,,,https://app3.doe.k12.ga.us/ows-bin/owa/main_pack_fcl099.entry_form|https://educationdata.urban.org/api/v1/school-districts/ccd/directory/|https://nces.ed.gov/ccd/|https://gadoe.org/policy/district-flexibility/|https://charter-system.org/purpose/|https://gosa.georgia.gov/document/publication/system-flexibility-updatepdf/download|https://www2.census.gov/geo/docs/reference/codes2020/schdist/st13_ga_schdist2020.txt
Wilcox County Schools,county,1305730,756,Wilcox,,no,,,https://app3.doe.k12.ga.us/ows-bin/owa/main_pack_fcl099.entry_form|https://educationdata.urban.org/api/v1/school-districts/ccd/directory/|https://nces.ed.gov/ccd/|https://gadoe.org/policy/district-flexibility/|https://charter-system.org/purpose/|https://gosa.georgia.gov/document/publication/system-flexibility-updatepdf/download|https://www2.census.gov/geo/docs/reference/codes2020/schdist/st13_ga_schdist2020.txt
Wilkes County Schools,county,1305760,757,Wilkes,,yes,Wilkes County Schools,,https://app3.doe.k12.ga.us/ows-bin/owa/main_pack_fcl099.entry_form|https://educationdata.urban.org/api/v1/school-districts/ccd/directory/|https://nces.ed.gov/ccd/|https://gadoe.org/policy/district-flexibility/|https://charter-system.org/purpose/|https://gosa.georgia.gov/document/publication/system-flexibility-updatepdf/download|https://www2.census.gov/geo/docs/reference/codes2020/schdist/st13_ga_schdist2020.txt
Wilkinson County Schools,county,1305790,758,Wilkinson,,no,,,https://app3.doe.k12.ga.us/ows-bin/owa/main_pack_fcl099.entry_form|https://educationdata.urban.org/api/v1/school-districts/ccd/directory/|https://nces.ed.gov/ccd/|https://gadoe.org/policy/district-flexibility/|https://charter-system.org/purpose/|https://gosa.georgia.gov/document/publication/system-flexibility-updatepdf/download|https://www2.census.gov/geo/docs/reference/codes2020/schdist/st13_ga_schdist2020.txt
Worth County Schools,county,1305850,759,Worth,,no,,,https://app3.doe.k12.ga.us/ows-bin/owa/main_pack_fcl099.entry_form|https://educationdata.urban.org/api/v1/school-districts/ccd/directory/|https://nces.ed.gov/ccd/|https://gadoe.org/policy/district-flexibility/|https://charter-system.org/purpose/|https://gosa.georgia.gov/document/publication/system-flexibility-updatepdf/download|https://www2.census.gov/geo/docs/reference/codes2020/schdist/st13_ga_schdist2020.txt
Atlanta Public Schools,charter_system,1300120,761,Fulton/DeKalb,https://www.atlantapublicschools.us/,yes,Atlanta Public Schools,already_in_districts_csv,https://app3.doe.k12.ga.us/ows-bin/owa/main_pack_fcl099.entry_form|https://educationdata.urban.org/api/v1/school-districts/ccd/directory/|https://nces.ed.gov/ccd/|https://gadoe.org/policy/district-flexibility/|https://charter-system.org/purpose/|https://gosa.georgia.gov/document/publication/system-flexibility-updatepdf/download|https://www2.census.gov/geo/docs/reference/codes2020/schdist/st13_ga_schdist2020.txt
Bremen City Schools,city,1300510,763,Haralson,,no,,,https://app3.doe.k12.ga.us/ows-bin/owa/main_pack_fcl099.entry_form|https://educationdata.urban.org/api/v1/school-districts/ccd/directory/|https://nces.ed.gov/ccd/|https://gadoe.org/policy/district-flexibility/|https://charter-system.org/purpose/|https://gosa.georgia.gov/document/publication/system-flexibility-updatepdf/download|https://www2.census.gov/geo/docs/reference/codes2020/schdist/st13_ga_schdist2020.txt
Buford City Schools,city,1300600,764,Gwinnett,,no,,,https://app3.doe.k12.ga.us/ows-bin/owa/main_pack_fcl099.entry_form|https://educationdata.urban.org/api/v1/school-districts/ccd/directory/|https://nces.ed.gov/ccd/|https://gadoe.org/policy/district-flexibility/|https://charter-system.org/purpose/|https://gosa.georgia.gov/document/publication/system-flexibility-updatepdf/download|https://www2.census.gov/geo/docs/reference/codes2020/schdist/st13_ga_schdist2020.txt
Calhoun City Schools,charter_system,1300720,765,Gordon,http://www.calhounschools.org/,no,,,https://app3.doe.k12.ga.us/ows-bin/owa/main_pack_fcl099.entry_form|https://educationdata.urban.org/api/v1/school-districts/ccd/directory/|https://nces.ed.gov/ccd/|https://gadoe.org/policy/district-flexibility/|https://charter-system.org/purpose/|https://gosa.georgia.gov/document/publication/system-flexibility-updatepdf/download|https://www2.census.gov/geo/docs/reference/codes2020/schdist/st13_ga_schdist2020.txt
Carrollton City Schools,charter_system,1300870,766,Carroll,http://www.carrolltoncityschools.net/,no,,,https://app3.doe.k12.ga.us/ows-bin/owa/main_pack_fcl099.entry_form|https://educationdata.urban.org/api/v1/school-districts/ccd/directory/|https://nces.ed.gov/ccd/|https://gadoe.org/policy/district-flexibility/|https://charter-system.org/purpose/|https://gosa.georgia.gov/document/publication/system-flexibility-updatepdf/download|https://www2.census.gov/geo/docs/reference/codes2020/schdist/st13_ga_schdist2020.txt
Cartersville City Schools,charter_system,1300900,767,Bartow,http://www.cartersville.k12.ga.us/,no,,,https://app3.doe.k12.ga.us/ows-bin/owa/main_pack_fcl099.entry_form|https://educationdata.urban.org/api/v1/school-districts/ccd/directory/|https://nces.ed.gov/ccd/|https://gadoe.org/policy/district-flexibility/|https://charter-system.org/purpose/|https://gosa.georgia.gov/document/publication/system-flexibility-updatepdf/download|https://www2.census.gov/geo/docs/reference/codes2020/schdist/st13_ga_schdist2020.txt
Chickamauga City Schools,city,1301140,769,Walker,,no,,,https://app3.doe.k12.ga.us/ows-bin/owa/main_pack_fcl099.entry_form|https://educationdata.urban.org/api/v1/school-districts/ccd/directory/|https://nces.ed.gov/ccd/|https://gadoe.org/policy/district-flexibility/|https://charter-system.org/purpose/|https://gosa.georgia.gov/document/publication/system-flexibility-updatepdf/download|https://www2.census.gov/geo/docs/reference/codes2020/schdist/st13_ga_schdist2020.txt
Commerce City Schools,charter_system,1301440,771,Jackson,http://www.commercecityschools.org/,no,,,https://app3.doe.k12.ga.us/ows-bin/owa/main_pack_fcl099.entry_form|https://educationdata.urban.org/api/v1/school-districts/ccd/directory/|https://nces.ed.gov/ccd/|https://gadoe.org/policy/district-flexibility/|https://charter-system.org/purpose/|https://gosa.georgia.gov/document/publication/system-flexibility-updatepdf/download|https://www2.census.gov/geo/docs/reference/codes2020/schdist/st13_ga_schdist2020.txt
Dalton Public Schools,city,1301620,772,Whitfield,,no,,,https://app3.doe.k12.ga.us/ows-bin/owa/main_pack_fcl099.entry_form|https://educationdata.urban.org/api/v1/school-districts/ccd/directory/|https://nces.ed.gov/ccd/|https://gadoe.org/policy/district-flexibility/|https://charter-system.org/purpose/|https://gosa.georgia.gov/document/publication/system-flexibility-updatepdf/download|https://www2.census.gov/geo/docs/reference/codes2020/schdist/st13_ga_schdist2020.txt
City Schools of Decatur,charter_system,1301680,773,DeKalb,http://www.csdecatur.net/,yes,City Schools of Decatur,already_in_districts_csv,https://app3.doe.k12.ga.us/ows-bin/owa/main_pack_fcl099.entry_form|https://educationdata.urban.org/api/v1/school-districts/ccd/directory/|https://nces.ed.gov/ccd/|https://gadoe.org/policy/district-flexibility/|https://charter-system.org/purpose/|https://gosa.georgia.gov/document/publication/system-flexibility-updatepdf/download|https://www2.census.gov/geo/docs/reference/codes2020/schdist/st13_ga_schdist2020.txt
Dublin City Schools,charter_system,1301870,774,Laurens,http://www.dublincityschools.us/,no,,,https://app3.doe.k12.ga.us/ows-bin/owa/main_pack_fcl099.entry_form|https://educationdata.urban.org/api/v1/school-districts/ccd/directory/|https://nces.ed.gov/ccd/|https://gadoe.org/policy/district-flexibility/|https://charter-system.org/purpose/|https://gosa.georgia.gov/document/publication/system-flexibility-updatepdf/download|https://www2.census.gov/geo/docs/reference/codes2020/schdist/st13_ga_schdist2020.txt
Gainesville City Schools,charter_system,1302310,776,Hall,http://www.gcssk12.net/,no,,,https://app3.doe.k12.ga.us/ows-bin/owa/main_pack_fcl099.entry_form|https://educationdata.urban.org/api/v1/school-districts/ccd/directory/|https://nces.ed.gov/ccd/|https://gadoe.org/policy/district-flexibility/|https://charter-system.org/purpose/|https://gosa.georgia.gov/document/publication/system-flexibility-updatepdf/download|https://www2.census.gov/geo/docs/reference/codes2020/schdist/st13_ga_schdist2020.txt
Jefferson City Schools,city,1303030,779,Jackson,,no,,,https://app3.doe.k12.ga.us/ows-bin/owa/main_pack_fcl099.entry_form|https://educationdata.urban.org/api/v1/school-districts/ccd/directory/|https://nces.ed.gov/ccd/|https://gadoe.org/policy/district-flexibility/|https://charter-system.org/purpose/|https://gosa.georgia.gov/document/publication/system-flexibility-updatepdf/download|https://www2.census.gov/geo/docs/reference/codes2020/schdist/st13_ga_schdist2020.txt
Marietta City Schools,charter_system,1303510,781,Cobb,http://www.marietta-city.org/,yes,Marietta City Schools,already_in_districts_csv,https://app3.doe.k12.ga.us/ows-bin/owa/main_pack_fcl099.entry_form|https://educationdata.urban.org/api/v1/school-districts/ccd/directory/|https://nces.ed.gov/ccd/|https://gadoe.org/policy/district-flexibility/|https://charter-system.org/purpose/|https://gosa.georgia.gov/document/publication/system-flexibility-updatepdf/download|https://www2.census.gov/geo/docs/reference/codes2020/schdist/st13_ga_schdist2020.txt
Pelham City Schools,charter_system,1304080,784,Mitchell,https://www.pelham-city.k12.ga.us/,no,,,https://app3.doe.k12.ga.us/ows-bin/owa/main_pack_fcl099.entry_form|https://educationdata.urban.org/api/v1/school-districts/ccd/directory/|https://nces.ed.gov/ccd/|https://gadoe.org/policy/district-flexibility/|https://charter-system.org/purpose/|https://gosa.georgia.gov/document/publication/system-flexibility-updatepdf/download|https://www2.census.gov/geo/docs/reference/codes2020/schdist/st13_ga_schdist2020.txt
Rome City Schools,city,1304440,785,Floyd,,no,,,https://app3.doe.k12.ga.us/ows-bin/owa/main_pack_fcl099.entry_form|https://educationdata.urban.org/api/v1/school-districts/ccd/directory/|https://nces.ed.gov/ccd/|https://gadoe.org/policy/district-flexibility/|https://charter-system.org/purpose/|https://gosa.georgia.gov/document/publication/system-flexibility-updatepdf/download|https://www2.census.gov/geo/docs/reference/codes2020/schdist/st13_ga_schdist2020.txt
Social Circle City Schools,city,1304540,786,Walton,,no,,,https://app3.doe.k12.ga.us/ows-bin/owa/main_pack_fcl099.entry_form|https://educationdata.urban.org/api/v1/school-districts/ccd/directory/|https://nces.ed.gov/ccd/|https://gadoe.org/policy/district-flexibility/|https://charter-system.org/purpose/|https://gosa.georgia.gov/document/publication/system-flexibility-updatepdf/download|https://www2.census.gov/geo/docs/reference/codes2020/schdist/st13_ga_schdist2020.txt
Thomasville City Schools,city,1304950,789,Thomas,,no,,,https://app3.doe.k12.ga.us/ows-bin/owa/main_pack_fcl099.entry_form|https://educationdata.urban.org/api/v1/school-districts/ccd/directory/|https://nces.ed.gov/ccd/|https://gadoe.org/policy/district-flexibility/|https://charter-system.org/purpose/|https://gosa.georgia.gov/document/publication/system-flexibility-updatepdf/download|https://www2.census.gov/geo/docs/reference/codes2020/schdist/st13_ga_schdist2020.txt
Trion City Schools,city,1305130,791,Chattooga,,no,,,https://app3.doe.k12.ga.us/ows-bin/owa/main_pack_fcl099.entry_form|https://educationdata.urban.org/api/v1/school-districts/ccd/directory/|https://nces.ed.gov/ccd/|https://gadoe.org/policy/district-flexibility/|https://charter-system.org/purpose/|https://gosa.georgia.gov/document/publication/system-flexibility-updatepdf/download|https://www2.census.gov/geo/docs/reference/codes2020/schdist/st13_ga_schdist2020.txt
Valdosta City Schools,city,1305310,792,Lowndes,,no,,,https://app3.doe.k12.ga.us/ows-bin/owa/main_pack_fcl099.entry_form|https://educationdata.urban.org/api/v1/school-districts/ccd/directory/|https://nces.ed.gov/ccd/|https://gadoe.org/policy/district-flexibility/|https://charter-system.org/purpose/|https://gosa.georgia.gov/document/publication/system-flexibility-updatepdf/download|https://www2.census.gov/geo/docs/reference/codes2020/schdist/st13_ga_schdist2020.txt
Vidalia City Schools,charter_system,1305340,793,Toombs,https://vidaliacity.schoolinsites.com/,no,,,https://app3.doe.k12.ga.us/ows-bin/owa/main_pack_fcl099.entry_form|https://educationdata.urban.org/api/v1/school-districts/ccd/directory/|https://nces.ed.gov/ccd/|https://gadoe.org/policy/district-flexibility/|https://charter-system.org/purpose/|https://gosa.georgia.gov/document/publication/system-flexibility-updatepdf/download|https://www2.census.gov/geo/docs/reference/codes2020/schdist/st13_ga_schdist2020.txt
